wavelength_nm,flux
369.99863,8517.603
370.08383,8235.568
370.16907,8379.654
370.2543,8846.192
370.33957,8640.389
370.42487,8073.3413
370.51016,8640.337
370.5955,9034.705
370.68082,8740.857
370.76617,8690.198
370.85156,8585.925
370.93695,8853.582
371.0224,8638.141
371.10782,7816.213
371.1933,7826.786
371.27875,7971.8237
371.36426,7420.7627
371.44977,7818.9907
371.53534,8175.1104
371.62088,8473.986
371.70648,7893.61
371.79205,8372.115
371.8777,8169.424
371.96332,7919.064
372.04898,7894.449
372.13464,7938.4224
372.22034,7580.658
372.30606,8187.728
372.39178,7993.938
372.47757,8512.365
372.56332,8343.028
372.6491,8911.851
372.73492,7955.104
372.82077,8410.622
372.90665,7818.9414
372.9925,7514.445
373.0784,7105.7266
373.16434,7211.6387
373.25024,7880.061
373.3362,8221.011
373.42218,8720.79
373.50818,9208.563
373.59418,9100.863
373.68024,9623.697
373.7663,8899.791
373.85236,9104.767
373.93842,8882.155
374.02457,8743.357
374.1107,8135.334
374.19684,7881.691
374.28302,6955.2295
374.3692,7551.6885
374.4554,7917.024
374.54166,8089.4175
374.6279,8731.535
374.71417,9431.848
374.80048,9815.17
374.88678,10381.422
374.97308,10644.201
375.05945,10465.99
375.1458,10785.7
375.2322,10807.228
375.31863,10194.119
375.40506,9832.163
375.49152,9551.136
375.57797,8920.631
375.66446,8439.866
375.75098,7655.4043
375.8375,7257.604
375.92404,7010.131
376.01062,7189.993
376.09723,8084.9175
376.1838,8542.734
376.27045,8953.874
376.35712,9537.621
376.4438,9924.747
376.53046,10052.96
376.61716,10750.346
376.70392,10553.541
376.79065,10397.382
376.8774,11265.352
376.9642,11261.569
377.051,10899.773
377.13785,10570.333
377.22467,10480.642
377.31158,10763.338
377.39844,10326.219
377.48535,9771.6
377.5723,9073.47
377.65924,8559.111
377.74622,8189.5757
377.8332,7332.048
377.92023,7005.5356
378.00723,7541.7563
378.0943,7365.4883
378.18134,8175.622
378.26843,8279.436
378.35553,9263.257
378.4427,9944.664
378.52985,10048.188
378.617,10548.897
378.7042,11318.297
378.7914,10999.637
378.87863,11325.364
378.96588,11467.658
379.05316,10827.152
379.14044,10967.381
379.22775,11350.343
379.3151,11597.673
379.40244,11103.428
379.4898,11128.958
379.5772,11273.347
379.6646,10957.056
379.752,11377.802
379.83948,10885.923
379.92694,10647.686
380.01447,10525.654
380.10196,10431.884
380.1895,9400.48
380.27704,9255.898
380.36462,8751.623
380.4522,8162.4033
380.53983,7419.5215
380.62747,6866.7026
380.71512,6744.225
380.8028,7043.471
380.89047,7939.4
380.9782,8063.678
381.06592,8823.72
381.1537,9283.345
381.24146,9763.304
381.32925,9934.494
381.41705,9765.017
381.50488,10212.626
381.59274,10548.24
381.6806,10599.403
381.7685,10708.757
381.8564,11101.269
381.94437,11288.349
382.03232,11546.466
382.1203,11409.108
382.2083,10975.227
382.29633,11251.152
382.38434,11039.4795
382.4724,11040.661
382.5605,10291.778
382.6486,9886.353
382.7367,9059.173
382.82486,8871.166
382.913,8941.04
383.00116,9249.345
383.0894,10028.682
383.17758,10530.17
383.26584,10922.673
383.3541,11076.182
383.44238,11117.054
383.5307,10871.076
383.619,10966.588
383.70734,10612.16
383.79572,10396.089
383.8841,9539.894
383.97247,9260.712
384.0609,8525.845
384.14935,8352.324
384.23782,7243.1553
384.3263,6934.415
384.41483,6274.4014
384.50336,6444.1973
384.59186,7161.1904
384.68045,7426.931
384.76904,8285.817
384.85764,9084.932
384.94626,9104.415
385.0349,9897.88
385.1236,10148.827
385.21228,10570.204
385.30096,10536.244
385.3897,10469.236
385.47845,10810.544
385.56723,10877.1455
385.656,10741.34
385.7448,11025.48
385.83368,10906.61
385.92252,10885.345
386.01138,10830.488
386.10028,11051.233
386.18918,11049.29
386.27814,11129.821
386.36707,10965.508
386.45605,10668.485
386.54504,10789.939
386.63406,11166.213
386.72308,10942.724
386.81216,11009.608
386.9012,11105.055
386.99033,10610.182
387.07944,10792.909
387.16858,10644.629
387.25775,10469.576
387.34692,10826.987
387.43613,10456.745
387.52533,10233.89
387.61456,10240.907
387.70386,10198.657
387.79315,10242.054
387.88242,10155.116
387.97174,10034.166
388.0611,10120.869
388.15045,10016.953
388.23984,9887.57
388.32925,10018.297
388.41867,10383.031
388.50812,10102.004
388.5976,9996.855
388.68707,9965.564
388.77658,10217.05
388.86612,10249.833
388.95566,10013.243
389.04523,9478.531
389.13483,9442.731
389.22443,8846.589
389.3141,9217.8955
389.40375,8514.756
389.4934,7671.4756
389.5831,7129.2583
389.67282,6776.744
389.76254,6086.663
389.85233,6131.59
389.94208,6491.0225
390.0319,7127.5757
390.1217,7685.4844
390.21155,7908.2573
390.3014,9067.597
390.3913,8813.448
390.48117,9486.856
390.5711,9546.582
390.66107,9765.338
390.751,10052.876
390.841,10412.13
390.931,10677.686
391.02103,10117.577
391.11108,10428.203
391.20114,10101.958
391.29123,10518.637
391.38135,10243.0625
391.47147,10203.193
391.5616,10121.484
391.6518,10489.886
391.74197,9999.353
391.83218,10192.904
391.92242,10500.2
392.01266,10255.052
392.10297,10665.633
392.19324,10655.279
392.28357,10444.927
392.3739,10434.188
392.46426,10159.708
392.55463,10377.635
392.64505,10369.786
392.73544,10103.015
392.8259,9912.724
392.91635,9626.233
393.00684,9644.028
393.09735,9732.373
393.18787,9575.508
393.2784,9435.553
393.36896,9126.657
393.45956,8620.276
393.55017,8538.7
393.6408,8645.668
393.73145,9303.346
393.8221,9925.178
393.9128,10020.062
394.00354,10171.817
394.09427,10251.221
394.185,10064.817
394.2758,9955.306
394.36658,10006.791
394.4574,10256.644
394.54825,10512.984
394.6391,10536.452
394.72998,10653.109
394.82086,10240.19
394.9118,10765.329
395.00275,10457.071
395.0937,10524.093
395.1847,10350.172
395.2757,10280.566
395.36673,10372.513
395.45776,10341.7705
395.54883,9950.022
395.63992,10291.866
395.73102,9835.119
395.82217,10358.811
395.91333,10279.94
396.0045,10030.292
396.09567,9958.686
396.1869,9822.499
396.27814,10020.739
396.3694,9658.186
396.46066,9854.792
396.55197,9654.197
396.64328,9972.616
396.73462,9890.812
396.826,9688.281
396.9174,9157.868
397.0088,8840.214
397.1002,9023.87
397.19165,8608.471
397.28314,8496.039
397.3746,7851.722
397.46613,7487.492
397.55765,7114.0317
397.6492,6653.906
397.74078,6115.1562
397.83237,5588.159
397.92398,5584.8774
398.01562,5477.42
398.10727,5864.037
398.19894,6679.9507
398.29065,7079.7803
398.3824,7643.06
398.47412,8301.034
398.56586,8379.178
398.65765,8534.806
398.74945,8754.364
398.84128,9094.667
398.93314,9372.591
399.025,9031.096
399.11688,9007.751
399.2088,9450.467
399.30072,9480.329
399.3927,9216.95
399.48468,9352.644
399.57666,9314.673
399.66867,9517.781
399.7607,9518.533
399.85278,9369.875
399.94485,9611.24
400.03696,9260.884
400.1291,9416.339
400.22122,9208.676
400.3134,9182.047
400.40558,9023.212
400.49777,9239.958
400.59003,9277.377
400.68225,9456.844
400.77454,9375.756
400.86682,9214.232
400.95914,9640.969
401.05145,9474.605
401.14383,9486.922
401.2362,9378.725
401.3286,9166.256
401.42102,9272.031
401.51346,9073.412
401.60593,8852.052
401.69843,8257.617
401.79092,7915.9365
401.88345,7868.7354
401.97598,8245.236
402.06854,8319.77
402.16116,8923.913
402.25375,9259.894
402.34637,9299.202
402.43903,9466.172
402.5317,9249.642
402.62442,9205.58
402.71713,9119.575
402.80988,9349.222
402.90265,9062.55
402.99542,9188.978
403.08823,8864.506
403.18106,8632.845
403.2739,8078.3066
403.36676,7646.479
403.45966,7108.295
403.55255,6794.22
403.6455,7129.0903
403.73846,7421.458
403.83142,8180.716
403.9244,9010.743
404.01743,8824.166
404.11047,8993.186
404.20355,8887.226
404.29663,8892.004
404.3897,8948.848
404.48285,8902.651
404.576,8941.363
404.66916,9111.609
404.76236,9257.943
404.85556,9152.727
404.9488,9171.55
405.04205,9030.046
405.1353,8972.484
405.2286,8928.83
405.32196,8841.884
405.41528,8969.214
405.50864,8938.626
405.60202,8864.029
405.69543,8962.952
405.78885,9111.675
405.8823,8906.522
405.97577,8919.108
406.06927,8873.723
406.16278,9130.716
406.2563,8921.396
406.34985,9096.678
406.44342,8980.02
406.53705,9061.212
406.63065,9011.989
406.7243,8886.527
406.81793,9060.628
406.91165,8712.735
407.00534,8874.304
407.09906,8849.526
407.1928,8932.504
407.2866,8965.749
407.38037,8862.928
407.47418,8960.359
407.56805,9227.345
407.6619,9023.254
407.75577,9087.99
407.84967,8763.92
407.94357,8840.553
408.03754,8685.187
408.1315,8711.804
408.2255,8471.219
408.3195,8548.088
408.4135,8550.862
408.50757,8363.45
408.60162,8344.835
408.69574,8524.56
408.78986,8456.692
408.88397,8626.168
408.97815,8667.229
409.07233,8689.965
409.16653,8603.551
409.26077,8806.679
409.355,8601.88
409.44928,8651.731
409.54358,8532.069
409.63788,8521.037
409.73224,8803.869
409.82657,8378.341
409.92096,8396.967
410.01532,8355.327
410.10977,8372.96
410.2042,8298.844
410.29868,7986.6963
410.39316,7907.3813
410.48764,7604.2407
410.58218,7374.983
410.67676,7058.3496
410.77133,6582.6426
410.8659,6043.059
410.96054,5279.386
411.05518,4984.803
411.1498,4912.8926
411.24454,5000.9443
411.3392,5496.3896
411.43393,6172.091
411.52866,6641.2275
411.62344,6952.518
411.71826,7390.747
411.81305,7647.41
411.9079,7694.3174
412.00275,7914.6924
412.0976,8143.6445
412.19254,8047.296
412.28745,8227.038
412.3824,8173.592
412.47736,8037.0537
412.57236,8486.273
412.66733,8174.0894
412.7624,8052.19
412.85742,7640.114
412.95248,7613.196
413.0476,7340.0127
413.14273,7978.6836
413.23788,7889.2036
413.333,7961.102
413.42822,8039.9663
413.52344,7944.783
413.61865,7990.526
413.71393,8114.372
413.80917,7891.471
413.90445,7752.8037
413.99982,7982.4697
414.09512,7837.4897
414.1905,7922.615
414.28583,7935.6772
414.38126,8091.1357
414.4767,8011.8223
414.5721,8104.679
414.66763,8176.2173
414.7631,8048.3423
414.85858,7866.9463
414.95416,7682.345
415.0497,7558.117
415.14526,7371.6543
415.24088,6852.2876
415.33652,6753.569
415.4322,6898.8276
415.52783,7249.9873
415.62354,7511.7666
415.71924,7927.086
415.81494,8057.6733
415.9107,8002.715
416.0065,8103.949
416.1023,7991.1895
416.1981,7964.844
416.29395,7916.9683
416.38983,7866.8223
416.4857,7844.83
416.58163,7989.212
416.67755,8069.164
416.77353,8082.833
416.86948,8017.071
416.96548,7923.402
417.06152,7974.781
417.15756,7777.7407
417.2536,7774.432
417.3497,7929.1313
417.4458,7891.3535
417.54193,7819.637
417.6381,7713.181
417.73428,7572.9326
417.83047,7589.991
417.9267,7545.7188
418.02295,7531.7373
418.1192,7851.7007
418.21548,7572.6963
418.31183,7592.8525
418.4081,7666.5205
418.5045,7769.156
418.6009,7826.937
418.69727,7650.567
418.79364,7707.5703
418.89014,7639.987
418.98657,7866.1807
419.08307,7881.8794
419.1796,7982.621
419.27612,8005.009
419.37265,7559.12
419.46924,7874.0273
419.56583,7810.961
419.66245,7907.554
419.7591,7883.595
419.85577,7759.246
419.95245,7696.9917
420.04916,7589.7563
420.1459,7889.3027
420.2426,7671.81
420.33942,7904.057
420.43622,7896.0933
420.53302,7590.056
420.62988,7614.467
420.72675,7602.49
420.82364,7671.9097
420.92056,7638.4907
421.0175,7594.7725
421.1144,7641.6333
421.21136,7653.505
421.3084,7649.8613
421.40543,7700.1353
421.50244,7731.883
421.59952,7674.088
421.69662,7639.6616
421.7937,7593.375
421.89087,7523.8335
421.98798,7606.3486
422.0852,7590.577
422.18237,7735.3887
422.2796,7605.4624
422.37686,7497.9907
422.47412,7537.92
422.57138,7536.0645
422.6687,7342.65
422.76605,7370.356
422.86343,7706.1016
422.9608,7690.7446
423.0582,7590.806
423.1556,7574.979
423.25308,7522.3867
423.35052,7558.73
423.44806,7494.8765
423.54556,7464.9414
423.64307,7567.448
423.74063,7596.972
423.83823,7417.8223
423.93585,7383.607
424.03345,7411.7607
424.1311,7563.39
424.22876,7356.1245
424.32648,7430.3115
424.42416,7567.1787
424.5219,7404.431
424.6197,7352.7017
424.71747,7370.6675
424.81528,7474.8394
424.9131,7492.064
425.01093,7261.825
425.10883,7329.0845
425.2067,7306.273
425.30463,7286.282
425.4026,7309.3857
425.50055,7376.8877
425.59854,7332.9497
425.69653,7190.3237
425.7946,7197.024
425.89264,7503.8657
425.99066,7355.0225
426.08878,7104.1157
426.18692,7200.346
426.28506,7277.295
426.3832,6985.1875
426.48138,7193.848
426.57965,7257.1104
426.6779,7330.0024
426.77612,7425.087
426.87442,7394.579
426.97272,7187.3945
427.07104,7429.087
427.16937,7445.2075
427.26773,7200.9575
427.36615,7235.0557
427.46454,7141.555
427.563,6800.0176
427.66147,6778.046
427.75995,6564.569
427.85846,6805.2495
427.95697,7054.91
428.0555,7141.531
428.1541,7175.6826
428.2527,7331.149
428.35132,7170.2993
428.44995,7164.7534
428.54865,7109.76
428.6473,7002.5337
428.74603,7106.5522
428.8448,7042.975
428.9435,7209.1846
429.0423,7140.408
429.1411,7053.268
429.23993,7139.9644
429.33878,7085.5483
429.43765,6936.5063
429.53653,7015.0015
429.63544,7310.6772
429.73438,7074.725
429.83334,7096.4453
429.9323,7155.9443
430.03134,7147.311
430.13037,7025.5566
430.22943,6898.9443
430.32852,7062.943
430.42758,7116.8916
430.5267,6950.6313
430.6259,7047.7256
430.72504,6953.808
430.82422,7256.2188
430.92343,7031.438
431.02264,7082.8584
431.12192,6881.66
431.2212,7187.3813
431.3205,6906.663
431.41983,6948.1694
431.5192,6997.5537
431.61856,6973.3994
431.71796,7078.866
431.81738,7032.801
431.9168,6888.9985
432.01627,6907.9536
432.11578,6800.667
432.21527,6988.276
432.3148,6789.786
432.41437,6957.9414
432.51398,6917.7144
432.61353,6852.27
432.7132,6870.139
432.8128,6740.6226
432.9125,6845.853
433.01215,6740.619
433.1119,6700.5605
433.2116,6968.5874
433.31137,6824.4897
433.4112,6797.911
433.511,6767.95
433.61084,6705.8086
433.7107,6514.841
433.81055,6544.381
433.91046,6488.188
434.01035,6453.009
434.1103,6416.5728
434.2103,6271.075
434.3103,6164.9805
434.4103,5960.87
434.51035,5804.0044
434.6104,5539.0337
434.7105,5461.919
434.8106,4786.247
434.91074,4202.055
435.0109,4058.4277
435.11102,3941.3184
435.21124,4114.106
435.31146,4547.4272
435.4117,5098.256
435.51196,5585.155
435.61224,5664.9453
435.7126,5775.684
435.81293,5939.3716
435.91327,5984.377
436.01367,6202.2515
436.11407,6252.224
436.2145,6353.112
436.315,6523.355
436.41544,6485.619
436.51596,6476.3423
436.61646,6553.0166
436.71698,6627.3213
436.81757,6663.4814
436.91815,6620.2183
437.0188,6687.006
437.11945,6589.2427
437.22006,6521.708
437.3208,6703.6045
437.42148,6655.0786
437.52222,6503.8774
437.62296,6600.7085
437.72372,6529.1343
437.82455,6452.278
437.92538,6623.126
438.0262,6392.3525
438.1271,6456.097
438.22797,6311.8315
438.32892,6354.2427
438.42984,6309.1157
438.53082,6597.2876
438.63177,6450.347
438.73282,6507.9736
438.83383,6523.5913
438.9349,6410.3843
439.03598,6456.743
439.13705,6507.5635
439.23822,6335.397
439.33936,6360.966
439.44052,6169.478
439.54175,6055.55
439.64297,5672.1904
439.7442,5459.6694
439.84546,5312.7153
439.94672,5505.9443
440.04803,5811.001
440.1494,6032.2085
440.2508,6150.488
440.35214,6346.1865
440.45355,6366.67
440.555,6381.278
440.65643,6215.7466
440.7579,6315.672
440.85944,6335.787
440.96094,6431.0884
441.0625,6387.715
441.16406,6370.939
441.26562,6293.9263
441.36725,6299.185
441.4689,6298.1377
441.57056,6305.296
441.67227,6193.9014
441.774,6223.1035
441.87567,6313.998
441.97745,6244.066
442.07925,6226.162
442.18106,6184.1763
442.28287,6143.21
442.3847,6194.1523
442.48657,6057.816
442.58847,6016.448
442.69043,6088.4707
442.79233,5871.0234
442.89435,6082.8237
442.99628,6041.7793
443.09833,5921.589
443.20038,6039.846
443.30243,6136.079
443.40448,6012.618
443.50665,6059.5337
443.60873,6153.2812
443.71094,6075.5786
443.81308,5880.1553
443.91528,6079.077
444.01752,5923.896
444.11978,5919.328
444.22208,6006.7095
444.32437,5864.067
444.42667,5961.867
444.529,5995.4014
444.6314,5965.467
444.7338,5648.8135
444.83618,5668.4126
444.93863,5882.242
445.0411,5800.5786
445.14355,5832.402
445.2461,5932.55
445.34863,5893.456
445.45117,5891.829
445.55377,5868.579
445.65634,5860.857
445.75897,5789.575
445.86163,6016.272
445.9643,5803.895
446.067,6023.519
446.16974,5956.947
446.27246,5928.1987
446.37524,6013.972
446.47803,5973.1724
446.58087,5895.535
446.6837,6009.8193
446.78656,5930.5635
446.88947,6032.6436
446.99237,6065.701
447.0953,5951.5864
447.19824,5942.582
447.30127,5819.634
447.40424,5904.459
447.50726,5898.546
447.61035,5781.5776
447.71344,5623.7993
447.8165,5484.915
447.91962,5191.3945
448.0228,4805.0947
448.12598,4550.0186
448.22916,4576.5044
448.33237,4862.6006
448.43564,5142.496
448.5389,5607.106
448.64218,5826.299
448.7455,5713.549
448.84882,5746.4014
448.9522,5524.413
449.0556,5388.716
449.159,5463.837
449.26245,5483.565
449.3659,5643.092
449.4694,5647.6367
449.5729,5735.314
449.67642,5731.6187
449.77997,5757.9966
449.88354,5750.8887
449.98715,5822.8574
450.09076,5741.444
450.19443,5677.115
450.2981,5682.955
450.4018,5776.3247
450.50552,5777.038
450.60928,5704.122
450.71304,5659.7983
450.8168,5773.742
450.92065,5857.9805
451.02448,5902.37
451.12833,5767.0635
451.23224,5705.688
451.33612,5794.0767
451.4401,5761.5903
451.54404,5742.027
451.648,5838.003
451.75204,5814.9326
451.85605,5754.728
451.9601,5700.7725
452.0642,5686.7373
452.1683,5563.9707
452.2724,5684.7124
452.37656,5643.4824
452.48077,5819.4463
452.58496,5667.6025
452.68915,5757.9805
452.7934,5666.3594
452.8977,5601.863
453.002,5745.377
453.1063,5727.8896
453.21063,5672.603
453.31503,5586.5938
453.41943,5519.0195
453.52383,5683.092
453.62827,5507.9736
453.73273,5581.0825
453.83722,5578.0303
453.94174,5596.698
454.0463,5479.8774
454.15082,5406.2183
454.25543,5545.7383
454.36002,5588.206
454.46466,5649.6274
454.56927,5663.2334
454.67398,5591.2544
454.77872,5654.7896
454.88345,5605.38
454.9882,5566.9775
455.09296,5667.987
455.19775,5588.1934
455.30258,5485.2773
455.4074,5506.6284
455.5123,5522.0054
455.6172,5581.3228
455.7221,5587.6055
455.82706,5459.024
455.93204,5437.922
456.03702,5526.4697
456.14203,5415.718
456.24707,5230.0737
456.35214,5233.763
456.45728,5314.174
456.56235,5362.835
456.66754,5483.881
456.77264,5530.3237
456.87787,5431.5493
456.98306,5490.2476
457.08832,5486.255
457.19354,5579.5645
457.29883,5493.64
457.40414,5516.1533
457.50946,5374.869
457.61484,5464.459
457.7202,5288.6343
457.82562,5173.915
457.93106,5246.9336
458.03653,5253.619
458.142,5452.5386
458.2475,5436.035
458.35303,5381.8306
458.4586,5305.122
458.56415,5271.619
458.66977,5205.4136
458.7754,5381.3394
458.88104,5365.6313
458.98672,5404.75
459.09244,5345.8237
459.19815,5363.5005
459.30386,5336.14
459.40967,5248.0625
459.51544,5345.2827
459.62125,5357.6777
459.7271,5329.52
459.83295,5305.105
459.93887,5361.6685
460.04477,5229.925
460.15073,5207.5215
460.25668,5292.726
460.3627,5253.089
460.4687,5285.759
460.57477,5253.4937
460.68082,5269.3604
460.78687,5289.9917
460.893,5337.036
460.9991,5287.343
461.1053,5229.047
461.2115,5289.125
461.3177,5149.0093
461.42392,5072.298
461.53018,5230.801
461.63647,5324.406
461.74277,5301.3525
461.84912,5212.503
461.95547,5126.67
462.06186,5226.548
462.16827,5304.823
462.27472,5262.8574
462.38116,5164.3955
462.4876,5132.6313
462.59415,5227.471
462.70062,5222.568
462.80722,5319.7017
462.91376,5196.705
463.02036,5108.3555
463.127,4978.29
463.23364,5051.527
463.34033,5172.0356
463.44702,5169.8022
463.55377,5247.11
463.6605,5301.447
463.76727,5185.9185
463.87408,5148.596
463.9809,5240.461
464.08774,5164.6797
464.19464,5176.826
464.3015,5135.785
464.40845,5092.161
464.51538,5149.479
464.62238,5180.793
464.72934,5184.118
464.83636,5106.344
464.94342,5154.007
465.05048,5025.0444
465.15756,5085.5723
465.2647,5029.5557
465.3719,5166.818
465.479,5044.4077
465.58624,5043.1987
465.69342,5193.953
465.8007,5081.3926
465.90796,5070.758
466.01523,4928.374
466.12256,5037.598
466.2299,5072.5767
466.33725,5183.6587
466.44464,5163.382
466.55206,5148.8945
466.65952,5193.889
466.76694,5072.5005
466.87445,5107.4136
466.982,5159.1646
467.0895,5021.0283
467.19708,4993.1987
467.30463,5089.0146
467.41226,5171.679
467.51993,5076.667
467.6276,4995.895
467.73526,4988.797
467.84296,5020.318
467.95074,5070.9556
468.0585,5123.1816
468.16626,5008.1587
468.27408,4987.3164
468.3819,5089.9766
468.48975,4989.9375
468.59766,4924.5864
468.70557,4958.941
468.81354,5007.0845
468.92148,5015.8574
469.02945,5009.0435
469.13745,5049.184
469.2455,5053.4434
469.35358,5053.473
469.4616,5062.9116
469.56973,5046.285
469.6779,4971.64
469.78604,5059.478
469.89423,5014.896
470.00244,5029.893
470.1107,4970.697
470.21893,4882.297
470.3272,4952.991
470.43555,4912.358
470.54385,5011.0933
470.6522,4955.1304
470.7606,5050.793
470.869,4862.327
470.97745,5020.626
471.08588,4910.973
471.1944,4893.172
471.3029,4910.121
471.41144,4891.94
471.51996,4922.921
471.62857,4908.098
471.7372,4936.644
471.8458,4828.153
471.9545,4910.0205
472.06317,4684.766
472.17188,4812.084
472.2806,4592.429
472.38934,4530.912
472.49814,4546.7427
472.607,4538.037
472.71576,4686.471
472.82465,4803.286
472.93353,4831.4717
473.04242,4789.2705
473.15137,4846.659
473.26035,4835.6206
473.36932,4763.4775
473.47833,4919.164
473.58734,4860.596
473.69644,4818.5996
473.8055,4801.958
473.91464,4759.981
474.02377,4674.7695
474.1329,4644.3745
474.2421,4741.2334
474.35132,4766.4907
474.46054,4822.786
474.56982,4810.42
474.6791,4645.208
474.78842,4651.2485
474.89777,4737.737
475.00714,4683.7676
475.11652,4699.94
475.22592,4717.4014
475.33536,4766.4287
475.44482,4791.787
475.5543,4685.7754
475.66382,4697.058
475.77335,4760.498
475.8829,4713.7896
475.9925,4683.789
476.1021,4665.05
476.21176,4663.967
476.32144,4647.943
476.4311,4626.5054
476.54083,4646.2505
476.65057,4588.834
476.76035,4612.376
476.87012,4596.4854
476.97992,4636.6064
477.08978,4704.62
477.19965,4755.3096
477.3095,4672.59
477.41943,4689.551
477.5294,4630.8813
477.63934,4626.2812
477.74936,4694.093
477.85938,4697.457
477.96942,4648.3247
478.0795,4648.4614
478.1896,4572.917
478.2997,4688.5244
478.40985,4693.9272
478.52002,4652.9067
478.63022,4591.5273
478.74042,4519.2085
478.85068,4587.344
478.96094,4652.01
479.07123,4544.3965
479.18158,4611.461
479.29193,4579.7285
479.40228,4632.932
479.5127,4540.0596
479.62314,4591.643
479.73358,4565.3564
479.84406,4455.119
479.95453,4401.839
480.0651,4484.0103
480.17563,4527.1133
480.2862,4472.372
480.39682,4587.9277
480.50742,4433.738
480.61807,4498.3594
480.72876,4511.6025
480.83945,4396.5513
480.9502,4516.4717
481.06094,4523.3433
481.17172,4502.7227
481.28256,4391.672
481.39337,4408.4863
481.50424,4474.7285
481.61514,4294.6797
481.726,4447.7827
481.83698,4491.223
481.9479,4504.1367
482.0589,4447.646
482.16992,4420.78
482.28094,4437.1973
482.392,4402.9907
482.5031,4412.3945
482.6142,4323.575
482.72534,4286.1035
482.83652,4396.831
482.9477,4386.3545
483.05893,4393.627
483.17017,4460.0015
483.28143,4417.402
483.39273,4379.2104
483.50406,4373.683
483.6154,4361.5405
483.72675,4333.057
483.83813,4364.5244
483.94955,4361.5103
484.06104,4402.3496
484.17252,4368.0054
484.284,4360.496
484.3955,4383.8354
484.50708,4346.624
484.61865,4314.3027
484.73022,4384.6035
484.84186,4266.861
484.95352,4353.8706
485.0652,4340.1562
485.1769,4223.9146
485.28864,4302.792
485.4004,4279.756
485.51215,4194.88
485.62396,4237.0103
485.73578,4221.015
485.84766,4191.0366
485.95953,4155.7437
486.07144,4064.6233
486.1834,4127.5337
486.29535,4045.6897
486.40732,3983.1575
486.51935,3842.2903
486.6314,3712.6372
486.74347,3696.2427
486.85553,3436.9788
486.96762,3255.6653
487.07977,2828.0603
487.19196,2651.6836
487.30414,2615.1516
487.41635,2695.4417
487.52863,2969.2444
487.64087,3305.3406
487.75317,3552.7263
487.86554,3667.8186
487.97784,3700.2197
488.09024,3931.8184
488.20264,3891.5051
488.31503,3924.1526
488.4275,3957.781
488.53998,4044.1047
488.6525,4055.1677
488.76498,4101.092
488.8776,4102.9043
488.99014,4125.0996
489.10272,4125.3896
489.2154,4091.2122
489.32803,4111.213
489.44073,4181.8677
489.55347,4171.8745
489.66617,4085.4548
489.77896,4086.2458
489.89175,4134.74
490.00455,4197.503
490.11737,4179.8564
490.2303,4167.17
490.34317,4220.384
490.45605,4173.481
490.569,4110.487
490.68198,4131.4204
490.79498,4219.238
490.90802,4163.283
491.02106,4151.4443
491.13412,4160.794
491.24722,4180.6294
491.36035,4126.7153
491.47348,4173.5034
491.58667,4116.0337
491.6999,4078.3845
491.81314,4054.937
491.92636,4085.1575
492.03964,4078.5498
492.15298,4084.3672
492.2663,4139.766
492.3797,4107.248
492.49307,4112.6484
492.60645,4145.593
492.7199,4042.9788
492.8334,3951.3909
492.94687,3929.4707
493.0604,3860.1675
493.17392,3574.3801
493.2875,3449.7214
493.40106,3356.5022
493.5147,3595.657
493.62836,3679.1362
493.74203,3940.3928
493.85577,3991.6494
493.96948,3924.4766
494.08325,3972.2944
494.19702,3972.86
494.3108,4015.4714
494.42465,4003.8044
494.5385,3920.3762
494.6524,4079.3872
494.7663,3947.5012
494.88022,4049.4182
494.9942,3982.0503
495.10822,4048.441
495.22223,3973.014
495.33624,3957.2627
495.45035,3945.6619
495.5644,3985.5898
495.67853,3976.8442
495.79266,3937.2773
495.90683,3919.7622
496.02106,3927.5525
496.1353,3934.0427
496.2495,3912.4487
496.36383,3911.9614
496.47812,3926.3923
496.59244,3921.9417
496.7068,3928.3032
496.8212,3905.5713
496.9356,3893.8936
497.05005,3923.1763
497.1645,3860.0496
497.279,3878.731
497.3935,3919.555
497.50806,3845.2896
497.62262,3818.1294
497.7372,3833.6572
497.85187,3881.796
497.9665,3861.9287
498.08115,3859.4395
498.19586,3894.1924
498.3106,3891.909
498.42535,3908.7722
498.54013,3912.3916
498.65494,3869.5076
498.76978,3880.8762
498.8846,3862.852
498.9995,3888.3347
499.1144,3839.6724
499.22934,3882.7986
499.34433,3897.277
499.45932,3881.4753
499.5743,3838.6082
499.68936,3801.1584
499.80444,3818.7039
499.91953,3790.002
500.03467,3866.8242
500.1498,3794.9414
500.26498,3786.1265
500.3802,3708.4604
500.49542,3800.6973
500.6107,3780.6768
500.72598,3754.9
500.84125,3783.4258
500.9566,3756.1816
501.07196,3789.648
501.18735,3724.4868
501.3028,3709.8433
501.4182,3673.395
501.5337,3592.0334
501.64917,3680.24
501.7647,3678.0437
501.88028,3694.3125
501.99585,3630.877
502.11142,3629.5945
502.22705,3617.3584
502.3427,3624.0571
502.4584,3562.8943
502.57413,3414.4907
502.68985,3364.5867
502.8056,3406.5276
502.9214,3495.0598
503.0372,3565.1892
503.15308,3686.4336
503.2689,3738.0789
503.38483,3685.344
503.50073,3738.037
503.6167,3792.8936
503.73267,3717.1184
503.8487,3638.8118
503.9647,3626.2656
504.08075,3698.9639
504.19684,3677.5645
504.31293,3636.1729
504.42905,3605.3438
504.54523,3595.9778
504.66144,3614.4905
504.77765,3574.9702
504.8939,3578.5435
505.01016,3599.6194
505.12646,3639.43
505.24277,3617.1987
505.35913,3523.5374
505.4755,3563.5098
505.5919,3554.7493
505.70834,3526.2827
505.8248,3444.6052
505.94125,3464.0925
506.05777,3505.6123
506.17432,3589.241
506.29086,3690.8323
506.40747,3582.3071
506.5241,3666.251
506.64072,3560.3489
506.75742,3530.5671
506.8741,3620.5688
506.9908,3514.6448
507.10757,3618.8425
507.22437,3636.5745
507.34116,3645.7988
507.458,3586.7092
507.57486,3632.476
507.69174,3671.154
507.8087,3540.8792
507.92563,3606.3938
508.04257,3584.6812
508.15958,3574.2505
508.2766,3625.7593
508.39365,3561.3647
508.51074,3554.4214
508.62784,3611.5303
508.74496,3473.175
508.86212,3568.773
508.9793,3506.649
509.0965,3493.473
509.2137,3513.32
509.331,3545.6082
509.4483,3557.4854
509.5656,3537.0542
509.68295,3531.3208
509.80035,3506.0537
509.91772,3558.0757
510.03516,3591.811
510.1526,3591.4663
510.27008,3531.066
510.3876,3543.112
510.50513,3512.9387
510.6227,3455.1562
510.7403,3473.1655
510.8579,3460.3538
510.97552,3480.7317
511.0932,3465.8792
511.21088,3523.6528
511.3286,3493.9197
511.44638,3433.4412
511.56415,3451.0508
511.68198,3410.8594
511.7998,3443.4075
511.91766,3476.4583
512.0355,3413.3894
512.15344,3405.972
512.27136,3457.9473
512.38934,3459.6816
512.5074,3396.4075
512.62537,3412.8884
512.74347,3441.1748
512.8615,3415.7532
512.9796,3426.9504
513.0978,3398.6572
513.21594,3398.6133
513.3341,3350.2737
513.4523,3404.1897
513.57056,3414.1387
513.68884,3352.4924
513.8071,3356.3494
513.9254,3327.094
514.0438,3358.1736
514.1622,3425.8984
514.2806,3377.1528
514.399,3367.0957
514.51746,3314.6506
514.6359,3377.8608
514.75446,3343.548
514.873,3322.8008
514.9916,3363.187
515.11017,3305.9932
515.22876,3323.391
515.3474,3346.3337
515.4661,3296.0881
515.58484,3163.8354
515.7035,3262.7605
515.8223,3278.388
515.94104,3281.9568
516.05994,3335.5242
516.1788,3352.327
516.2976,3300.9197
516.4165,3273.7493
516.5354,3319.2166
516.6544,3285.686
516.7733,3294.7063
516.89233,3280.8967
517.01135,3347.4136
517.1305,3258.5469
517.2496,3348.4333
517.36865,3250.5134
517.4878,3295.2373
517.607,3280.1765
517.7262,3313.453
517.8454,3301.8394
517.96466,3252.7478
518.0839,3195.311
518.20325,3287.6543
518.3226,3281.0515
518.44196,3303.4934
518.56134,3280.5276
518.6807,3276.8206
518.8002,3223.664
518.9196,3238.6426
519.0392,3273.6357
519.1587,3249.5408
519.2782,3280.323
519.3978,3237.3025
519.51746,3282.5435
519.6371,3288.9736
519.7567,3228.4187
519.8764,3192.747
519.99615,3175.0618
520.11584,3293.3667
520.23566,3264.639
520.35547,3188.336
520.4753,3217.4712
520.59515,3210.9197
520.715,3221.147
520.83496,3263.7793
520.9549,3217.4834
521.0748,3235.671
521.1948,3228.2024
521.3148,3240.5132
521.43494,3248.501
521.555,3186.2024
521.6751,3187.6682
521.7952,3197.0454
521.9154,3175.829
522.0356,3229.5337
522.1558,3243.7207
522.27606,3256.6416
522.39636,3164.2886
522.5166,3211.9746
522.63696,3171.0317
522.7573,3168.8423
522.8777,3254.44
522.9981,3207.9204
523.1185,3222.9097
523.239,3182.7458
523.3595,3186.1511
523.48004,3181.3152
523.6006,3200.0508
523.7211,3166.1812
523.84174,3186.5188
523.9624,3163.8125
524.08307,3151.2346
524.20374,3128.1804
524.32446,3237.4658
524.4452,3156.696
524.566,3133.4165
524.68677,3196.2527
524.8076,3179.4814
524.92847,3125.0283
525.0493,3196.5984
525.1703,3149.5361
525.29114,3129.4067
525.4122,3122.254
525.53314,3115.3687
525.6542,3221.5776
525.7752,3126.3752
525.8963,3129.7136
526.0174,3067.1406
526.13855,3125.2268
526.2597,3099.3665
526.3809,3137.189
526.5021,3137.1345
526.62335,3098.0059
526.7446,3100.5461
526.8659,3103.7512
526.98724,3163.2734
527.1086,3106.8308
527.23,3108.6917
527.35144,3126.4849
527.47284,3077.281
527.59436,3077.1106
527.7158,3042.973
527.83734,3054.4465
527.95886,3326.3223
528.08044,3356.502
528.2021,3016.1455
528.3237,3126.9385
528.44543,3055.177
528.5671,3029.813
528.68884,3097.6
528.81055,3083.8457
528.9323,3041.7332
529.05414,3053.0398
529.17596,3060.976
529.29785,3083.6643
529.41974,3022.2725
529.5416,3051.7314
529.6636,3015.012
529.7855,3040.8699
529.9076,3092.785
530.0296,3079.5142
530.1517,3042.8904
530.27374,3019.4783
530.3959,3060.1455
530.51794,3060.7727
530.64014,3041.3022
530.7623,2984.216
530.8846,3085.0327
531.00684,2979.1523
531.1291,3001.756
531.2514,3074.699
531.3738,2979.4531
531.49615,2992.6543
531.6185,3087.2366
531.74097,3055.6326
531.8634,3039.8262
531.9859,2996.2837
532.1084,3059.6047
532.2309,2983.7476
532.3535,2984.0034
532.4761,2975.1042
532.59875,2993.5464
532.7213,2982.2854
532.84406,2994.5798
532.96674,2967.5596
533.0895,2982.0876
533.2123,2952.8992
533.335,2917.9412
533.4579,2932.0254
533.5807,2959.5813
533.70355,2935.1362
533.8265,2906.8623
533.9494,2901.0383
534.0724,2967.9185
534.1954,2941.3918
534.31836,2915.1118
534.4414,2926.5068
534.5645,2912.2253
534.6876,2930.6702
534.8107,2999.53
534.9339,2971.7305
535.05707,2912.9795
535.1803,2923.3809
535.3035,2917.7524
535.4268,2901.112
535.5501,2908.4736
535.67346,2895.4307
535.79675,2854.3982
535.92017,2864.1099
536.0436,2892.7002
536.16705,2925.3345
536.2905,2940.0112
536.414,2870.5244
536.53754,2899.9827
536.6611,2870.5469
536.78467,2896.153
536.9083,2891.7825
537.0319,2889.5452
537.15564,2840.8882
537.2793,2908.9966
537.403,2886.381
537.5268,2902.074
537.6506,2826.485
537.77435,2845.642
537.89825,2848.615
538.0221,2819.9692
538.146,2833.5125
538.2699,2855.017
538.3939,2845.425
538.5179,2850.446
538.6419,2822.3125
538.7659,2860.9631
538.89,2754.153
539.01404,2896.876
539.13824,2825.4917
539.2623,2815.511
539.3866,2870.0085
539.51074,2801.868
539.635,2828.5388
539.7593,2811.8066
539.8836,2818.9841
540.00793,2800.0322
540.13226,2802.0635
540.25665,2800.776
540.38104,2810.533
540.5055,2818.3882
540.63,2823.9731
540.75446,2757.132
540.879,2752.9224
541.00354,2753.841
541.1281,2757.9385
541.25275,2801.416
541.3774,2778.736
541.5021,2733.456
541.6268,2802.1196
541.75146,2724.7144
541.8762,2773.0662
542.00104,2777.4424
542.12585,2782.1018
542.2507,2739.1
542.37555,2711.2148
542.5004,2733.8755
542.62537,2728.5112
542.75037,2768.8555
542.87537,2781.461
543.00037,2734.136
543.12537,2718.5417
543.2505,2753.1077
543.3756,2727.179
543.5007,2689.9565
543.62585,2744.342
543.7511,2757.5474
543.8763,2748.3
544.0015,2758.113
544.12683,2741.7075
544.2521,2719.2632
544.37744,2709.95
544.5028,2679.2192
544.6282,2712.037
544.7536,2674.3445
544.879,2634.2773
545.0045,2689.491
545.13,2656.0552
545.25555,2721.1138
545.38116,2676.4163
545.5067,2686.7734
545.6324,2702.2866
545.758,2625.924
545.88367,2768.2678
546.0094,2683.4573
546.13513,2806.2505
546.26086,2684.808
546.38666,2697.0535
546.5125,2618.929
546.63837,2551.4104
546.7643,2680.3662
546.8902,2637.0327
547.0161,2685.2966
547.1421,2664.1191
547.26807,2648.1084
547.3941,2717.956
547.52014,2689.9358
547.64624,2674.7158
547.77234,2685.6555
547.8985,2658.4365
548.02466,2676.3457
548.1509,2776.877
548.2771,2603.277
548.4034,2660.8435
548.52966,2676.0767
548.65594,2593.7466
548.78235,2624.7632
548.9087,2632.412
549.0351,2587.457
549.1615,2659.691
549.28796,2605.0654
549.4145,2638.1191
549.541,2637.6326
549.6676,2651.9966
549.7941,2609.6506
549.9208,2596.9004
550.0474,2557.991
550.1741,2627.9138
550.3008,2608.0715
550.4275,2645.0588
550.55426,2632.086
550.681,2624.5002
550.80786,2617.7764
550.9347,2575.7017
551.0616,2628.0479
551.1885,2613.8027
551.31537,2552.3022
551.4423,2590.743
551.56934,2619.2559
551.69635,2587.3748
551.82336,2600.5537
551.9505,2649.1624
552.0776,2602.372
552.2047,2550.9153
552.3319,2566.884
552.4591,2598.056
552.5863,2631.2554
552.7135,2552.0325
552.8408,2578.4636
552.96814,2561.4155
553.09546,2617.5972
553.22284,2536.62
553.3502,2578.4197
553.47766,2608.6414
553.6051,2565.601
553.7326,2500.5747
553.86017,2577.453
553.9877,2527.606
554.1153,2612.7344
554.24286,2573.9182
554.3705,2524.1067
554.49817,2582.5786
554.62585,2546.8572
554.75354,2577.2642
554.88135,2481.5413
555.00916,2540.2605
555.1369,2500.3545
555.2648,2508.8486
555.39264,2559.6118
555.5205,2485.2542
555.64844,2482.9597
555.7764,2509.1277
555.9044,2562.4883
556.0324,2551.4648
556.16046,2524.3037
556.2885,2542.493
556.4166,2534.2883
556.5448,2480.9565
556.673,2522.4502
556.80115,2513.4673
556.9293,2482.9285
557.0576,2570.773
557.1859,2546.9998
557.3142,2552.3674
557.4425,2545.624
557.5709,2501.243
557.69934,2565.4639
557.82776,2521.8232
557.9562,2550.4736
558.0847,2497.721
558.21326,2542.805
558.34174,2468.7349
558.47034,2436.751
558.59894,2515.5479
558.7276,2470.1814
558.85626,2508.401
558.985,2501.2542
559.11365,2446.7473
559.24243,2474.464
559.3712,2460.327
559.50006,2460.376
559.62885,2492.9858
559.75775,2497.698
559.88666,2450.3428
560.01556,2427.5435
560.14453,2516.2986
560.27356,2501.9363
560.4025,2441.5588
560.5316,2468.3757
560.6607,2422.7712
560.7898,2436.352
560.91895,2449.538
561.0481,2523.1938
561.17737,2375.0999
561.3065,2518.2517
561.4358,2531.8435
561.56506,2449.5723
561.69446,2472.3357
561.8238,2388.153
561.9532,2391.4902
562.0826,2436.9683
562.21204,2473.1274
562.34143,2443.8235
562.47095,2471.827
562.60046,2452.6667
562.7301,2374.2156
562.8597,2410.7776
562.98926,2389.6636
563.1189,2441.847
563.2486,2452.4321
563.3783,2303.9775
563.50806,2387.283
563.6378,2361.0027
563.7676,2325.922
563.8974,2450.5784
564.0273,2378.527
564.15717,2362.7432
564.2871,2499.643
564.41705,2459.3826
564.547,2382.433
564.677,2364.9143
564.807,2351.1938
564.93713,2392.6309
565.06726,2393.2808
565.1974,2295.356
565.3275,2377.0234
565.45764,2408.6
565.5879,2377.2827
565.71814,2357.7346
565.84845,2292.9148
565.9787,2312.0376
566.1091,2434.2402
566.23944,2277.2632
566.3698,2330.9993
566.50024,2406.3838
566.63074,2545.3955
566.76117,2293.9673
566.8917,2460.868
567.0223,1979.075
567.15283,1905.0077
567.28345,2497.2893
567.41406,2500.6204
567.54474,2391.5735
567.6754,2407.8093
567.80615,2386.3948
567.9369,2385.6365
568.06775,2375.8318
568.19855,2398.1907
568.3294,2428.8306
568.46027,2408.184
568.5912,2378.4521
568.7221,2353.5405
568.8531,2464.4492
568.9841,2349.6455
569.1151,2415.5342
569.24615,2368.2954
569.37726,2386.4768
569.50836,2407.9844
569.6395,2405.9917
569.7707,2397.6052
569.9019,2368.091
570.03314,2567.104
570.1644,2397.6975
570.2957,2434.4373
570.42706,2461.0684
570.5584,2450.1763
570.6898,2340.7395
570.8212,2374.5552
570.9527,2343.8096
571.08417,2286.903
571.2157,2377.7253
571.3472,2351.9832
571.47876,2338.843
571.6104,2391.795
571.74207,2400.7927
571.87366,2470.858
572.0054,2395.0095
572.1371,2428.7268
572.26886,2409.809
572.40063,2378.1929
572.5325,2394.416
572.6643,2411.8738
572.7962,2449.0918
572.9281,2487.406
573.06,2368.2126
573.192,2418.5752
573.324,2375.0347
573.456,2333.474
573.5881,2301.715
573.72015,2330.115
573.8523,2303.1577
573.98444,2338.4263
574.1166,2392.9395
574.24884,2335.5286
574.38104,2286.633
574.5133,2336.3467
574.6456,2332.13
574.77795,2340.7449
574.91034,2329.8132
575.0427,2325.5342
575.1752,2313.8896
575.3076,2271.5178
575.44006,2242.8818
575.57263,2273.6887
575.70514,2305.6846
575.83777,2330.276
575.97034,2335.9775
576.10297,2322.863
576.23566,2344.3965
576.3683,2310.2373
576.5011,2307.1536
576.63385,2319.1174
576.7666,2270.3293
576.8994,2304.1218
577.0323,2288.0945
577.16516,2281.2573
577.2981,2253.0684
577.431,2263.4023
577.564,2295.1963
577.697,2259.621
577.83,2278.7983
577.9631,2276.0771
578.0962,2222.8254
578.2294,2174.2737
578.3625,2253.3474
578.49567,2248.8762
578.6289,2223.6677
578.76215,2195.7744
578.8954,2250.31
579.0287,2232.3318
579.16205,2253.9875
579.2955,2189.1067
579.42883,2276.1138
579.56226,2248.682
579.69574,2240.715
579.8292,2209.3584
579.96277,2268.8472
580.0963,2182.0227
580.2299,2257.7947
580.3635,2242.0369
580.4972,2237.3733
580.63086,2270.4443
580.7645,2229.4612
580.8983,2162.4058
581.0321,2252.4705
581.1659,2210.165
581.2997,2225.3464
581.4336,2227.6257
581.5675,2183.9878
581.7014,2191.2048
581.8353,2177.7427
581.96936,2169.1504
582.1034,2244.644
582.2374,2147.0415
582.37146,2198.331
582.5056,2205.2993
582.6398,2201.9258
582.7739,2257.7097
582.9081,2210.8503
583.04236,2180.817
583.17664,2137.8604
583.3109,2193.4229
583.44525,2207.6467
583.5796,2117.923
583.714,2159.0994
583.84845,2182.9688
583.98285,2162.28
584.1173,2228.4336
584.25183,2140.799
584.3864,2107.4668
584.521,2142.6108
584.65564,2120.9678
584.7902,2150.7122
584.9249,2145.6829
585.05963,2136.269
585.19434,2151.21
585.3291,2144.4062
585.46387,2150.0068
585.59875,2164.474
585.7335,2127.8647
585.86847,2138.9905
586.00336,2153.0894
586.1383,2181.0002
586.2733,2173.898
586.4083,2142.1587
586.54333,2094.4624
586.6784,2118.364
586.81354,2125.0706
586.9486,2104.5261
587.08386,2164.5105
587.219,2078.2214
587.35425,2180.2634
587.4895,2124.2542
587.6248,2167.0884
587.76013,2105.2332
587.89545,2113.497
588.0309,2124.694
588.16626,2104.5889
588.3017,2081.5156
588.4372,2080.7786
588.5727,1982.5505
588.70825,1944.1299
588.8438,1846.9508
588.9794,1763.6659
589.11505,1746.8708
589.2507,1815.2666
589.3864,1920.8202
589.5221,2018.5562
589.6579,1946.2266
589.79364,2001.0015
589.9295,2009.5348
590.0653,2079.3513
590.20123,2035.8971
590.33716,2028.2155
590.4731,2034.5885
590.6091,2048.7654
590.74506,2088.4565
590.8811,2045.2963
591.0172,2057.7805
591.15326,2067.7915
591.2894,2056.0913
591.4256,2036.5623
591.56177,2040.6451
591.698,2046.5942
591.8343,2085.9282
591.9706,2059.4485
592.1069,2121.3765
592.2433,2100.3997
592.37964,2027.8204
592.516,2081.4856
592.65247,2071.9482
592.78894,2023.658
592.9255,2057.1543
593.062,2031.0532
593.1986,2063.088
593.3352,2054.7227
593.4718,1956.9977
593.6085,2016.5955
593.74524,2085.5713
593.88196,2058.8167
594.0187,2001.4899
594.15546,1980.1573
594.29236,2035.7626
594.42914,2044.3997
594.56604,1993.619
594.703,2000.6743
594.83997,2011.8315
594.9769,2021.4828
595.1139,2056.12
595.251,2026.6001
595.38806,2037.9154
595.52515,2013.3687
595.6623,2037.3407
595.79944,1986.1321
595.93665,1988.6349
596.0739,2000.8698
596.2112,2020.8346
596.3485,1986.5394
596.4858,1981.363
596.62317,2008.4946
596.76056,1989.0175
596.898,1994.4335
597.03546,1973.2312
597.173,1975.0685
597.3104,1989.5869
597.448,1937.9983
597.5856,2009.8372
597.7232,2024.6669
597.86084,1944.0319
597.99854,2031.1849
598.1362,1980.3469
598.274,2004.0945
598.41174,1964.9474
598.54956,1998.5383
598.6874,1977.6096
598.82526,1958.5177
598.9632,1981.4673
599.1011,1965.9261
599.2391,1992.045
599.3771,1964.567
599.5151,1936.0532
599.65314,1969.3647
599.7912,1979.7429
599.9293,1937.9158
600.0675,1950.0221
600.2057,1959.7731
600.3439,1947.5198
600.4822,1901.5422
600.6205,1945.0151
600.7587,1981.8671
600.8971,1928.3451
601.0355,1923.3582
601.1739,1934.0786
601.3124,1934.125
601.4508,1950.4338
601.5893,1938.6226
601.72784,1945.9711
601.8664,1933.8674
602.005,1927.9873
602.1437,1919.3671
602.28235,1917.8953
602.421,1952.8982
602.5597,1889.5731
602.6985,1904.1012
602.8373,1964.7911
602.97614,1881.5956
603.115,1901.5737
603.25385,1899.4366
603.39276,1893.9303
603.53174,1958.1014
603.6707,1913.7064
603.8097,1908.9075
603.9488,1876.6978
604.0878,1915.9187
604.2269,1903.8304
604.3661,1874.5748
604.5053,1891.6401
604.6445,1913.8501
604.78375,1882.8281
604.923,1901.6472
605.0623,1821.3579
605.20166,1937.4867
605.341,1857.2722
605.4804,1860.937
605.6199,1881.2849
605.75934,1876.3862
605.8988,1917.387
606.0384,1863.8103
606.1779,1867.1111
606.3175,1886.8158
606.45715,1906.5134
606.5968,1887.9265
606.73645,1870.846
606.8762,1892.4634
607.016,1839.0131
607.15576,1909.1624
607.29553,1877.5155
607.4354,1841.863
607.5753,1848.3524
607.7152,1858.9312
607.85516,1876.2108
607.9952,1833.1089
608.13513,1822.3234
608.2752,1846.0984
608.4153,1838.1573
608.55536,1846.8507
608.6955,1803.8805
608.8357,1829.9578
608.97595,1840.4585
609.11615,1813.7068
609.2564,1840.4055
609.3967,1802.4036
609.53705,1854.7269
609.6774,1873.4203
609.8178,1843.6108
609.95825,1805.6644
610.09875,1792.6814
610.2392,1806.5219
610.37976,1811.4863
610.5203,1842.3156
610.6609,1817.2836
610.8015,1811.5883
610.9422,1829.9727
611.0829,1798.2349
611.2236,1767.0881
611.3644,1783.4849
611.5051,1809.6113
611.64594,1798.87
611.7868,1796.9006
611.9277,1782.1188
612.0686,1782.2417
612.2096,1790.902
612.3505,1769.6969
612.4916,1719.9578
612.6326,1800.5443
612.7737,1785.5052
612.9148,1739.7345
613.05597,1798.4254
613.19714,1813.8634
613.3383,1735.8662
613.4796,1794.2837
613.62085,1759.9547
613.76215,1765.9568
613.9035,1786.114
614.04486,1786.1005
614.1863,1770.457
614.32776,1740.5785
614.4692,1754.2347
614.6107,1734.7745
614.75226,1768.258
614.8938,1763.6552
615.0354,1736.1265
615.17706,1773.3462
615.3187,1716.1134
615.4604,1738.8246
615.6022,1745.4491
615.7439,1735.8837
615.8857,1744.8838
616.0275,1746.4518
616.1694,1732.2936
616.3113,1724.9971
616.45325,1772.1011
616.59515,1714.2156
616.7372,1705.7429
616.8792,1712.9927
617.02124,1726.984
617.1633,1697.9276
617.3055,1755.6783
617.44763,1695.3126
617.5898,1689.3948
617.73206,1717.6995
617.87427,1682.8628
618.01654,1718.5253
618.1589,1723.3746
618.3012,1725.5734
618.4436,1712.8549
618.58606,1705.0096
618.72845,1700.5845
618.871,1712.3885
619.0135,1720.177
619.15607,1691.8456
619.29865,1717.4366
619.4412,1758.4529
619.58386,1724.044
619.72656,1686.0403
619.86926,1705.6598
620.012,1710.3181
620.1548,1706.3182
620.2976,1719.2217
620.4405,1714.9767
620.5834,1692.5951
620.72626,1685.7882
620.8692,1686.4406
621.01215,1684.8704
621.15515,1713.2563
621.2982,1708.0176
621.4413,1708.842
621.5844,1676.7031
621.72754,1684.3013
621.8707,1686.0958
622.0139,1737.3228
622.15717,1701.3271
622.3004,1681.3126
622.4437,1687.3878
622.5871,1713.9625
622.73047,1685.1694
622.8739,1650.9271
623.0173,1703.2977
623.16077,1698.3799
623.3043,1700.0509
623.4478,1706.4086
623.59143,1710.0352
623.735,1716.0751
623.8786,1684.0731
624.02234,1697.0521
624.166,1688.2491
624.30975,1676.7164
624.4535,1713.4003
624.5973,1664.8123
624.74115,1673.2762
624.885,1657.322
625.02893,1663.2509
625.17285,1650.0436
625.3168,1665.6798
625.4608,1719.2584
625.60486,1698.5026
625.7489,1674.9716
625.893,1651.6183
626.0372,1629.3276
626.18134,1645.8479
626.32556,1650.324
626.4698,1604.2168
626.614,1642.5021
626.75836,1703.6005
626.90265,1672.0114
627.047,1695.3353
627.1914,1613.1544
627.3358,1656.8763
627.48035,1644.0334
627.6248,1638.139
627.76935,1628.7714
627.91394,1575.1617
628.0585,1517.3583
628.2032,1539.2003
628.3478,1547.7177
628.49255,1552.2445
628.63727,1560.7006
628.78204,1593.2081
628.9268,1639.3397
629.07166,1617.6034
629.2165,1603.2318
629.36145,1579.4434
629.50635,1570.6285
629.6513,1623.4928
629.79626,1602.3524
629.94135,1598.43
630.0864,1624.8024
630.2315,1569.8113
630.37665,1574.6901
630.52185,1613.7205
630.667,1611.3035
630.81226,1591.513
630.9575,1571.0319
631.1028,1595.5586
631.24817,1596.5587
631.3935,1575.0807
631.53894,1625.0425
631.6843,1602.8954
631.8298,1542.8433
631.9753,1595.5222
632.12085,1567.6862
632.2664,1562.7917
632.412,1569.773
632.5577,1557.5594
632.7033,1618.7676
632.849,1572.1268
632.99475,1607.0731
633.1405,1554.8484
633.2863,1602.4146
633.4322,1588.0566
633.578,1556.1627
633.72394,1553.2261
633.8699,1584.8965
634.0158,1559.0103
634.16187,1590.3232
634.3079,1555.5668
634.454,1579.3507
634.60004,1593.8649
634.7462,1542.3519
634.8924,1560.6427
635.0386,1552.8044
635.1848,1577.377
635.3311,1544.1775
635.4774,1566.9583
635.6237,1539.4001
635.77014,1535.5159
635.9165,1537.9132
636.063,1487.6147
636.2094,1483.9968
636.35596,1493.4968
636.5025,1513.8644
636.64905,1498.0464
636.7957,1527.428
636.9423,1515.2968
637.089,1567.8645
637.2357,1516.6132
637.38245,1550.9606
637.52924,1506.8634
637.6761,1490.0304
637.8229,1538.4241
637.9698,1506.2424
638.1167,1496.1602
638.2637,1516.4945
638.41064,1513.3306
638.5577,1480.866
638.7047,1486.7968
638.8518,1503.919
638.9989,1488.4385
639.14606,1527.7195
639.2933,1536.7556
639.4405,1490.8517
639.5877,1491.2479
639.735,1487.1332
639.8823,1455.9863
640.02966,1484.8857
640.17706,1532.1785
640.3245,1460.3016
640.4719,1473.403
640.61945,1506.6147
640.76697,1476.4402
640.9145,1496.7327
641.06213,1489.2456
641.2097,1505.0005
641.3574,1447.772
641.50507,1429.8694
641.65283,1446.5096
641.8006,1435.2601
641.94836,1473.1389
642.09625,1456.2599
642.2441,1472.8386
642.39197,1488.0802
642.5399,1490.8159
642.68787,1453.7528
642.8359,1482.3757
642.98395,1481.6206
643.13196,1438.3569
643.2801,1510.0845
643.4282,1443.8872
643.5764,1475.935
643.7246,1465.6195
643.87286,1475.4805
644.0211,1470.5591
644.16943,1455.7383
644.31775,1434.5762
644.4662,1422.9655
644.61456,1476.0126
644.763,1457.4901
644.9115,1405.1218
645.06,1447.0474
645.20856,1452.8417
645.3571,1440.6791
645.50574,1455.871
645.6544,1450.8381
645.8031,1444.1882
645.9518,1446.6825
646.1005,1461.4238
646.2493,1468.7922
646.39813,1439.177
646.547,1439.0006
646.6959,1433.4695
646.84485,1423.2294
646.9938,1411.0726
647.14276,1396.0885
647.2918,1420.6936
647.44086,1421.6643
647.58997,1430.5682
647.73914,1432.1648
647.8883,1407.1906
648.0375,1412.6902
648.18665,1412.4811
648.33594,1413.574
648.4852,1435.2238
648.63464,1418.1132
648.784,1414.3988
648.9334,1443.5266
649.0828,1417.8137
649.2323,1393.3378
649.3818,1387.1616
649.5314,1385.6179
649.6809,1389.1775
649.8305,1372.3453
649.98016,1398.994
650.1298,1421.7815
650.2796,1380.7865
650.4293,1413.8794
650.5791,1386.8079
650.7289,1395.3848
650.8788,1408.9159
651.0287,1440.9913
651.1786,1394.1602
651.32855,1387.1057
651.4785,1400.6659
651.62854,1385.1652
651.7786,1371.6002
651.9287,1351.1843
652.07886,1385.729
652.229,1352.6766
652.3792,1387.4761
652.5294,1383.9495
652.6797,1387.8135
652.83,1378.4598
652.98035,1385.1609
653.13074,1371.1031
653.2811,1388.4286
653.4315,1370.0321
653.58203,1367.4753
653.73254,1362.1038
653.8831,1379.3444
654.0337,1381.7177
654.18427,1368.6527
654.33496,1380.0468
654.48566,1383.6603
654.63635,1369.9796
654.7871,1410.8319
654.93787,1351.0841
655.08875,1386.5127
655.23956,1338.7388
655.39044,1356.4274
655.5414,1362.647
655.6923,1365.3024
655.8434,1331.7498
655.9944,1329.4835
656.14545,1331.4695
656.2965,1312.8069
656.44763,1309.869
656.5988,1309.6993
656.75006,1295.8835
656.90125,1278.8612
657.05255,1220.8185
657.20386,1214.076
657.3552,1147.7539
657.5066,1036.0073
657.658,979.0954
657.80945,942.84735
657.96094,967.9761
658.1124,1045.1791
658.26404,1124.9164
658.4156,1187.6111
658.56726,1240.9387
658.7189,1262.7905
658.87054,1254.5577
659.02234,1229.1339
659.1741,1234.0615
659.32587,1250.1055
659.47766,1197.2789
659.6295,1217.6902
659.78143,1234.2751
659.9334,1247.2101
660.0854,1292.7225
660.2374,1314.0886
660.3894,1346.0054
660.5415,1308.3347
660.6936,1287.3226
660.84576,1326.0789
660.9979,1294.0763
661.15015,1311.3036
661.3024,1309.626
661.4547,1321.3712
661.60706,1302.1415
661.7594,1312.1488
661.91174,1319.9089
662.0642,1330.381
662.2167,1265.1564
662.3692,1321.6757
662.5217,1313.2612
662.67426,1273.241
662.82684,1338.7485
662.97955,1314.4478
663.1322,1306.6781
663.2849,1312.6461
663.4376,1284.2684
663.59045,1314.9001
663.7433,1293.6154
663.8961,1294.7108
664.04895,1296.0447
664.2019,1305.5162
664.35486,1288.8698
664.5079,1276.283
664.6609,1307.2611
664.8139,1285.18
664.96704,1279.5919
665.1202,1289.8009
665.2733,1289.37
665.4265,1282.5923
665.5798,1282.4971
665.73303,1320.9757
665.88635,1274.0839
666.0397,1270.8168
666.19305,1271.5481
666.3465,1283.6469
666.49994,1261.1661
666.65344,1260.298
666.80695,1293.1246
666.9605,1276.8866
667.1141,1265.1495
667.2677,1269.5634
667.4214,1271.095
667.5751,1252.712
667.7288,1252.4261
667.88257,1279.1117
668.0364,1262.2188
668.19025,1242.9786
668.3441,1247.8003
668.498,1239.926
668.652,1233.3976
668.8059,1234.8604
668.95996,1188.9175
669.114,1183.1829
669.26807,1113.2362
669.42224,1087.5319
669.57635,1128.093
669.7306,1186.1654
669.88477,1200.0226
670.03906,1240.2173
670.19336,1261.9956
670.3477,1251.9275
670.5021,1234.2225
670.65643,1250.205
670.8109,1245.9227
670.9654,1216.2921
671.1199,1261.6068
671.2745,1233.9187
671.429,1232.929
671.5836,1224.6274
671.7383,1248.4978
671.89294,1225.2218
672.0477,1222.22
672.2025,1220.4589
672.3573,1243.3368
672.5121,1228.2397
672.667,1246.5505
672.8219,1242.7031
672.9768,1224.3035
673.1318,1225.544
673.2868,1197.969
673.44183,1240.4794
673.597,1230.99
673.7521,1195.8997
673.9072,1235.6082
674.0624,1185.6262
674.21765,1203.2964
674.3729,1231.0773
674.5282,1213.3004
674.68353,1211.9178
674.8389,1201.1469
674.99426,1201.3397
675.1498,1209.0687
675.30524,1213.491
675.46075,1218.1667
675.61633,1197.9668
675.77185,1204.1722
675.9275,1205.2296
676.0831,1224.044
676.23883,1207.4591
676.3946,1197.3584
676.55035,1202.3649
676.7062,1198.8317
676.86194,1209.5803
677.0178,1199.2946
677.1737,1204.2567
677.3297,1218.8132
677.48566,1217.2562
677.6417,1206.3514
677.7977,1190.5472
677.9538,1184.2875
678.11,1176.981
678.2661,1190.0944
678.4223,1195.6254
678.5785,1187.5428
678.7348,1174.983
678.8911,1192.5734
679.0474,1185.4409
679.2038,1160.211
679.3602,1190.1787
679.51666,1158.1187
679.67316,1153.404
679.8297,1133.6125
679.9862,1165.8727
680.1428,1189.3475
680.29944,1168.4902
680.4561,1151.769
680.6128,1155.5782
680.76953,1164.7217
680.92633,1174.2267
681.0831,1174.5142
681.2399,1172.4352
681.39685,1158.5659
681.5538,1157.1604
681.7107,1153.1713
681.8677,1145.3121
682.0247,1163.5419
682.18176,1163.209
682.33887,1155.1783
682.496,1166.6073
682.6532,1163.9998
682.81036,1149.9319
682.96765,1180.8898
683.1249,1143.1338
683.2822,1169.187
683.4396,1158.028
683.5969,1160.5693
683.75433,1187.2789
683.9118,1137.3372
684.06934,1155.0891
684.22687,1152.8477
684.3844,1131.1763
684.54205,1146.9011
684.69965,1119.5151
684.8573,1142.6691
685.015,1134.6996
685.1728,1139.0925
685.33057,1141.7888
685.4884,1150.3857
685.64624,1144.2156
685.80414,1146.8472
685.96204,1157.3604
686.12006,1158.7664
686.2781,1121.2477
686.4361,1141.6637
686.5942,1151.4913
686.7523,1151.4498
686.91046,1111.0846
687.0686,1104.7065
687.22687,1131.0656
687.38513,1123.1445
687.5434,1127.2261
687.7017,1131.3682
687.8601,1115.7731
688.0185,1127.3353
688.17694,1151.6151
688.3354,1145.5342
688.49396,1150.0747
688.65247,1108.9093
688.81104,1111.1031
688.96967,1122.3367
689.1283,1105.8755
689.28705,1100.1311
689.44574,1105.2649
689.60455,1097.0294
689.7633,1128.4095
689.9222,1128.0466
690.08105,1118.8683
690.24,1137.328
690.3989,1103.8016
690.5579,1104.9171
690.7169,1079.4142
690.87604,1103.3739
691.0351,1114.4424
691.1942,1086.5593
691.3534,1105.4586
691.5126,1113.7797
691.6719,1130.3158
691.8312,1155.483
691.9905,1094.2495
692.1498,1098.4824
692.3092,1079.1804
692.4686,1085.2528
692.6281,1104.1558
692.7876,1094.4323
692.94714,1097.1991
693.10675,1080.1001
693.26636,1114.2916
693.42596,1106.3564
693.5857,1095.6802
693.7454,1089.6564
693.90515,1080.4305
694.06494,1090.0449
694.22473,1066.5277
694.38464,1056.452
694.54456,1059.7471
694.70447,1101.6871
694.8645,1087.2125
695.02454,1098.2821
695.1846,1065.4658
695.3446,1072.4818
695.50476,1080.7819
695.6649,1081.3326
695.82513,1087.7384
695.98535,1047.0638
696.1456,1042.9081
696.30597,1071.5267
696.4663,1061.506
696.6267,1070.9098
696.7871,1063.1237
696.9476,1062.7261
697.10803,1080.9996
697.2686,1060.3899
697.4292,1067.0513
697.5898,1062.3627
697.7504,1055.849
697.91113,1075.5527
698.07184,1066.8539
698.23254,1072.8646
698.3934,1061.9686
698.5542,1068.0143
698.7151,1075.4666
698.876,1052.4738
699.0369,1073.4102
699.1979,1042.355
699.3589,1062.5569
699.51996,1070.9332
699.681,1042.1213
699.84216,1072.285
700.0033,1071.9768
700.16455,1045.6759
700.3258,1046.2239
700.48706,1042.4442
700.6483,1020.43036
700.8097,1046.7722
700.97107,1047.2432
701.1325,1029.3882
701.294,1052.6516
701.45544,1041.1746
701.617,1035.7517
701.77856,1007.4767
701.9402,1038.7592
702.10187,1036.6262
702.26355,1019.77045
702.42523,1064.2428
702.58704,1045.7969
702.7488,1046.0344
702.91064,1020.84937
703.0725,1044.3904
703.23444,1037.454
703.39636,1046.6157
703.55835,1030.4443
703.72034,1013.4408
703.88245,1032.4093
704.0445,1019.5042
704.20667,1019.2166
704.3688,1048.986
704.531,1008.89746
704.69324,999.61273
704.8555,1035.4716
705.0179,1014.4348
705.18024,1019.1474
705.3426,992.4037
705.505,1022.031
705.6675,1005.3759
705.82996,1004.8659
705.99255,1014.5492
706.15515,989.0304
706.31775,1011.51807
706.48035,1012.11426
706.64307,1014.5673
706.8058,1041.6216
706.96857,1012.92566
707.1314,1006.3316
707.29425,996.7119
707.4571,1008.3764
707.62,998.7254
707.78296,975.4536
707.9459,947.91016
708.109,906.3723
708.2721,914.1244
708.4352,944.37744
708.59827,989.20166
708.7615,1010.43994
708.9247,1001.1397
709.08795,996.8136
709.2513,1003.39545
709.4146,1012.57184
709.57794,1011.1649
709.74133,991.7316
709.9048,978.9135
710.06824,996.645
710.2318,985.4535
710.3954,984.9109
710.55896,1013.0659
710.72253,996.70667
710.8862,984.5588
711.0499,983.70557
711.2137,968.86816
711.3775,1002.441
711.5413,960.1378
711.7052,988.6968
711.869,960.66425
712.03296,981.06464
712.19696,988.8524
712.36096,976.43567
712.525,972.7206
712.6891,998.6991
712.8532,982.2049
713.0174,960.442
713.1816,982.44354
713.3458,974.2549
713.5101,947.01306
713.6744,956.6596
713.83875,970.7903
714.0031,942.88416
714.16754,960.61084
714.33203,970.88257
714.4965,967.86896
714.661,962.3244
714.8256,950.9545
714.99023,962.2013
715.1549,996.46454
715.3196,945.2355
715.4843,970.27313
715.64905,943.7772
715.81384,951.05426
715.9787,965.68646
716.1436,951.03143
716.3085,962.61804
716.4735,964.1861
716.6385,982.37634
716.80347,975.5798
716.96857,939.5412
717.13367,952.47064
717.2988,925.0443
717.464,918.80426
717.6292,928.1835
717.7945,939.09393
717.9598,957.8923
718.1251,947.1898
718.29047,961.5597
718.45593,964.4594
718.62134,940.5672
718.7868,947.5337
718.95233,970.1891
719.1179,988.194
719.28357,958.7843
719.44916,942.9892
719.61487,972.80536
719.7806,959.7157
719.9463,938.842
720.1121,938.16724
720.27795,948.67834
720.4438,951.8723
720.60974,955.90155
720.77563,937.3506
720.94165,957.6222
721.10767,968.8491
721.27374,929.534
721.4398,942.0798
721.60596,940.227
721.7721,921.61304
721.93835,932.2766
722.1046,935.7831
722.2709,951.0351
722.4372,942.3833
722.6036,937.5125
722.76996,935.26154
722.9364,957.1693
723.1029,908.1351
723.2694,918.50775
723.436,900.08203
723.6026,908.23566
723.7692,899.917
723.9359,890.4421
724.1026,898.1741
724.26935,910.2848
724.43616,889.92474
724.60297,895.8623
724.76984,896.1423
724.9367,868.57684
725.10364,872.2788
725.2706,881.2593
725.4377,877.45844
725.60474,880.42145
725.77185,886.8856
725.93896,895.05884
726.10614,896.15344
726.2733,898.5835
726.4406,915.9461
726.6079,899.4092
726.77527,882.5711
726.94257,885.7639
727.11,917.6206
727.27747,887.99786
727.44495,900.5093
727.6124,884.0216
727.77997,875.9195
727.94763,888.2116
728.11523,877.3048
728.2829,887.22015
728.45056,893.03613
728.61835,903.66504
728.78613,908.8551
728.954,921.3932
729.1218,919.4167
729.28973,924.1085
729.4577,907.84314
729.6257,856.8798
729.7937,863.3193
729.9618,843.3558
730.1299,854.41174
730.298,870.926
730.4662,874.0807
730.6344,863.29913
730.8026,867.1488
730.97095,880.7446
731.1393,904.18164
731.3076,873.97833
731.4761,882.54755
731.6445,871.51276
731.813,859.7048
731.9815,867.56226
732.1501,890.7942
732.3187,891.2948
732.4873,859.9193
732.656,869.52576
732.8247,892.13153
732.99347,860.23114
733.16223,859.46765
733.3311,863.3381
733.5,859.4775
733.6689,865.6623
733.8378,873.57776
734.00684,859.71295
734.1759,884.4692
734.345,876.3935
734.51404,871.42053
734.6832,834.14496
734.8524,874.336
735.0216,873.1932
735.19086,867.843
735.3602,855.7775
735.52954,850.4151
735.6989,855.41675
735.8683,871.4674
736.0378,865.3849
736.2073,865.2537
736.37683,859.9482
736.5464,851.5461
736.716,861.86804
736.8857,847.3299
737.05536,840.899
737.2251,864.33636
737.3949,840.8906
737.5647,834.5895
737.7345,844.8522
737.9044,849.87823
738.07434,841.5501
738.2443,849.9669
738.4143,832.4865
738.58435,842.2756
738.75446,852.2807
738.92456,848.7187
739.0947,852.4534
739.26495,832.27893
739.4352,826.82904
739.60547,822.4785
739.77576,832.6417
739.94617,842.6111
740.1166,835.42633
740.287,829.33966
740.45746,825.712
740.628,817.67334
740.7985,825.43866
740.9691,833.0942
741.1398,836.607
741.3104,841.1093
741.48114,824.1217
741.6519,839.00146
741.8227,816.83246
741.9935,830.53656
742.1644,823.96545
742.3353,816.87836
742.5062,825.49725
742.67725,826.4348
742.84827,830.21136
743.01935,832.5206
743.1904,825.1529
743.3616,839.8107
743.5328,823.31665
743.704,814.1808
743.87524,818.4351
744.0465,825.3405
744.2179,811.5703
744.3893,815.80383
744.56067,810.89
744.7322,820.6382
744.9037,807.32104
745.0752,804.80774
745.24677,801.3476
745.4184,813.94226
745.59,821.0524
745.7618,796.0278
745.9335,810.4875
746.1053,785.57654
746.2771,808.15063
746.4489,805.89197
746.62085,802.5008
746.7928,801.568
746.9647,819.2723
747.1368,788.4108
747.30884,819.19574
747.4809,794.5168
747.6531,808.6799
747.82526,817.9799
747.99744,832.59296
748.1697,791.00714
748.342,801.6468
748.5143,788.683
748.68665,782.0387
748.8591,785.02875
749.03156,811.77606
749.20404,799.4082
749.3766,810.02966
749.54913,794.7959
749.72174,800.69775
749.8944,800.3299
750.0671,775.57227
750.23987,776.468
750.4126,794.6512
750.5854,791.23096
750.75824,783.23865
750.93115,787.10345
751.10406,778.77795
751.27704,782.9556
751.4501,787.7662
751.6231,770.94244
751.7962,781.52924
751.9693,781.2255
752.14246,763.2518
752.3157,780.27057
752.4889,771.986
752.66223,783.3854
752.8356,790.08185
753.0089,789.4357
753.1823,792.0841
753.3558,783.53156
753.52924,779.0311
753.70276,761.17773
753.87634,764.0039
754.0499,774.36597
754.2236,785.1784
754.3973,769.77356
754.571,773.696
754.74475,782.1084
754.9186,762.7237
755.0924,774.9992
755.2663,750.6465
755.44025,768.56824
755.6142,764.3534
755.7882,745.3191
755.9623,785.16986
756.13635,753.70197
756.3104,766.41254
756.4846,755.525
756.6588,762.4768
756.8331,770.6004
757.0074,766.2132
757.1817,770.391
757.3561,771.36694
757.53046,754.89844
757.70496,769.6623
757.8794,738.73694
758.05396,731.43243
758.2285,746.88934
758.40314,764.0846
758.57776,780.17883
758.75244,763.22015
758.9272,751.54565
759.1019,764.4251
759.27673,763.28705
759.4516,723.7908
759.6265,729.82153
759.8014,720.5345
759.97644,778.40173
760.1514,762.65
760.3265,746.91394
760.5016,737.7077
760.6767,747.36957
760.85187,772.4553
761.0271,709.73004
761.20233,756.3916
761.3776,764.9067
761.553,727.71515
761.72833,754.3977
761.90375,775.3125
762.0792,790.34485
762.2547,768.28125
762.43024,729.6044
762.60583,736.21515
762.78143,738.29205
762.9571,713.8281
763.13275,740.16327
763.30853,712.55725
763.48425,710.094
763.6601,722.98566
763.836,709.8309
764.01184,767.7621
764.18787,733.14435
764.36383,732.22754
764.53986,721.97943
764.7159,721.1634
764.89197,735.7321
765.0681,724.92554
765.2443,694.94073
765.42053,739.8167
765.5968,736.96625
765.7731,739.41345
765.94946,754.6551
766.12585,752.71655
766.30225,757.4743
766.47876,774.56604
766.6552,761.2894
766.8318,740.8645
767.0084,729.4692
767.185,725.72894
767.3617,720.7315
767.5384,704.9336
767.71515,723.3626
767.89197,701.3894
768.0688,718.80164
768.24567,725.38116
768.42255,720.51636
768.5995,692.73413
768.7765,707.9328
768.95355,717.4008
769.1306,710.3056
769.30774,711.52747
769.4849,713.0472
769.6621,712.3819
769.83936,701.3915
770.01666,720.4603
770.194,737.9063
770.37134,698.8408
770.5487,703.08923
770.7262,701.73865
770.9037,696.25464
771.0812,706.8806
771.2587,708.3528
771.4364,729.7591
771.614,740.14856
771.7917,717.46466
771.9694,719.23883
772.1472,682.73773
772.3251,674.81036
772.50287,688.4865
772.6808,684.28906
772.85876,705.3766
773.03674,697.7979
773.2147,694.6367
773.39276,694.7257
773.5709,692.2289
773.749,695.30457
773.9272,685.91113
774.1054,705.62146
774.2837,694.87695
774.46204,672.6549
774.6403,695.6382
774.8187,702.3595
774.9972,693.52386
775.17566,688.883
775.3541,706.06635
775.5327,678.6652
775.7113,689.69257
775.88995,678.42004
776.0686,693.8691
776.2473,682.6713
776.4261,687.9299
776.60486,671.30536
776.7837,690.85394
776.9626,698.7746
777.1415,663.64935
777.32043,674.71924
777.4995,680.8912
777.6785,669.1636
777.8576,681.0843
778.03674,668.9247
778.21594,667.4108
778.39514,680.67267
778.57434,664.8479
778.75366,670.166
778.933,638.04034
779.1124,608.301
779.2918,633.2693
779.4713,672.7283
779.65076,661.0028
779.8303,660.29755
780.0099,666.0736
780.1895,669.10126
780.3692,674.0064
780.5489,682.0149
780.72864,666.1731
780.90845,656.7667
781.08826,683.4994
781.2681,667.91547
781.44806,666.9558
781.62805,679.3089
781.808,671.32556
781.98804,654.6304
782.1681,649.1552
782.34827,643.3377
782.52844,648.25415
782.7086,660.81146
782.88885,649.4708
783.06915,650.5299
783.24945,662.5475
783.4298,653.63245
783.6102,640.7462
783.7907,646.1023
783.9712,649.78625
784.15173,646.8941
784.33234,652.1609
784.51294,655.58954
784.6936,639.5878
784.8743,649.6591
785.05505,664.9557
785.23584,660.2627
785.4166,676.37646
785.59753,664.0961
785.77844,648.09784
785.95935,629.0937
786.1404,665.44586
786.3214,663.02814
786.5025,641.452
786.68365,632.3847
786.8648,658.73804
787.046,645.6822
787.22723,631.5072
787.40857,639.8652
787.58984,636.568
787.77124,633.63367
787.95264,637.5327
788.1341,647.5008
788.31555,654.0826
788.49713,658.6564
788.6787,639.1119
788.8603,633.02124
789.042,634.3067
789.2237,626.47394
789.4054,631.1771
789.5872,620.49866
789.76904,625.2413
789.9509,636.0185
790.1329,629.66797
790.3148,617.5175
790.49677,629.5997
790.67883,620.4546
790.8609,625.41235
791.043,649.0917
791.2252,604.6467
791.4074,638.41583
791.58966,620.30725
791.772,618.25775
791.9543,619.7638
792.13666,652.1869
792.3191,627.4387
792.5015,628.9118
792.684,637.5121
792.8666,613.9238
793.0492,615.2703
793.2318,641.45416
793.4144,636.7388
793.59717,608.641
793.7799,620.26385
793.96277,632.6008
794.14557,623.4032
794.3284,627.7512
794.51135,623.5782
794.69434,622.25525
794.8773,615.59503
795.0604,611.5638
795.24347,617.72296
795.42664,613.26807
795.60974,610.75745
795.793,620.5315
795.97626,616.6025
796.15955,607.99976
796.3429,605.7279
796.52625,595.1985
796.7097,587.0179
796.8932,602.18536
797.0767,605.49866
797.26025,599.7642
797.44385,614.4806
797.6275,611.46643
797.81116,607.578
797.9949,623.7196
798.17865,619.5261
798.3624,607.4785
798.5463,592.78613
798.7302,604.76807
798.9142,626.3503
799.09814,608.3829
799.2821,613.98035
799.4662,592.38153
799.65027,612.00323
799.8345,599.3702
800.0187,609.2764
800.2029,600.3198
800.38715,608.4361
800.5715,593.81244
800.7558,601.3353
800.94025,618.81744
801.12463,608.68164
801.3092,591.2699
801.4937,599.0716
801.6783,581.1429
801.8629,589.7459
802.04755,596.24963
802.23224,583.5713
802.417,605.1242
802.60175,588.90027
802.78656,583.5138
802.9715,590.9256
803.1564,582.6932
803.3413,583.99493
803.5263,582.3565
803.71136,602.7169
803.8964,598.56775
804.0816,573.35
804.2667,589.5554
804.45197,583.4524
804.6372,600.5579
804.8225,575.8201
805.0079,600.3639
805.19324,588.7072
805.37866,568.61865
805.5641,584.65796
805.74963,580.14514
805.9352,577.6802
806.1207,585.55054
806.3064,573.39984
806.49207,588.6088
806.67786,572.336
806.8636,585.9669
807.0494,575.41473
807.2352,566.51184
807.42114,579.8537
807.60706,574.17
807.7931,583.4686
807.97906,579.56854
808.16516,574.7673
808.3512,570.12103
808.5374,573.57477
808.7236,580.18256
808.9098,571.37805
809.09607,578.76276
809.2824,574.67596
809.4688,576.6945
809.6552,566.09015
809.8417,564.5332
810.0282,566.99817
810.2147,574.0442
810.40125,569.0371
810.5879,579.72406
810.77454,573.24457
810.9613,583.9147
811.148,571.58356
811.33484,566.32666
811.5216,570.2998
811.70856,559.7338
811.89545,570.5548
812.0824,576.49207
812.2694,562.33704
812.4565,577.7704
812.6436,558.7281
812.8307,563.15784
813.01794,559.7327
813.20514,549.16473
813.3924,540.5802
813.5797,564.5372
813.7671,567.5374
813.95447,567.12634
814.1419,567.16614
814.3294,569.0626
814.51697,567.06696
814.70447,556.4605
814.8921,561.41876
815.0798,553.8969
815.26746,547.1076
815.4552,556.90784
815.643,552.10547
815.8308,545.1626
816.0187,529.92224
816.20667,535.5347
816.3946,541.7716
816.5826,553.00214
816.7706,551.5351
816.95874,546.63654
817.14685,547.0029
817.335,536.6555
817.52325,536.88
817.71155,522.4662
817.8998,534.24976
818.0882,539.52057
818.27655,536.4929
818.46497,559.18616
818.65344,573.8445
818.842,564.69434
819.0306,557.74634
819.2191,547.7001
819.40784,533.4491
819.5965,539.3797
819.7853,566.0768
819.974,572.0754
820.1629,552.0614
820.35175,544.5194
820.54065,555.79626
820.7296,543.52856
820.91864,539.09296
821.1077,549.2465
821.29675,530.284
821.48596,550.69415
821.6751,535.8447
821.86426,520.9711
822.0535,530.2266
822.24286,538.00745
822.43225,540.2057
822.6216,516.93066
822.81104,526.8134
823.0005,518.80835
823.19006,523.5889
823.3796,517.4413
823.5692,523.4531
823.7589,529.69354
823.94855,521.165
824.1383,520.6594
824.3281,518.32635
824.51794,521.56274
824.7078,523.431
824.89777,516.0912
825.0877,529.5187
825.2777,529.33655
825.4678,515.81604
825.65784,517.9835
825.84796,519.34406
826.0382,516.9103
826.2284,511.3674
826.41864,525.1607
826.609,521.38696
826.7993,527.91003
826.98975,538.3797
827.1802,532.52045
827.3706,509.31238
827.5612,495.00662
827.7518,513.34534
827.9424,507.73544
828.133,523.32043
828.3237,535.6032
828.51447,515.5266
828.70526,514.763
828.8961,514.3589
829.08704,504.29016
829.27795,505.4843
829.46893,521.5957
829.66,527.19403
829.85095,502.07602
830.0421,524.4438
830.2332,614.0642
830.42444,542.76575
830.6156,498.9296
830.80695,529.5012
830.9982,516.4219
831.18964,513.765
831.38104,509.99902
831.57245,513.9803
831.764,524.91064
831.95557,515.0393
832.1471,500.29416
832.33875,510.49658
832.53046,506.80487
832.72217,499.38416
832.9139,511.55954
833.10565,510.24768
833.29755,514.02795
833.48944,504.2669
833.68146,498.66852
833.87335,499.51227
834.0654,505.66586
834.2575,513.1857
834.4496,511.48343
834.6418,492.51105
834.834,489.5329
835.0262,495.08163
835.21857,488.8207
835.4108,503.66278
835.6032,482.89755
835.7957,505.0437
835.9881,496.5747
836.18066,502.46854
836.3732,486.31793
836.5658,488.58313
836.7585,492.79056
836.9512,505.9651
837.14386,477.7898
837.33673,487.81244
837.5295,478.97488
837.72235,471.67664
837.9152,477.45923
838.1082,483.2725
838.3013,482.6844
838.4943,475.66394
838.6874,470.47537
838.88055,477.0074
839.0737,483.8894
839.2669,495.50446
839.46014,471.17535
839.6535,475.1415
839.84686,494.28326
840.0402,496.6294
840.2337,486.23917
840.42725,476.43878
840.6208,500.7283
840.81433,493.13324
841.008,483.6863
841.20166,463.79767
841.3953,461.25378
841.5892,502.2406
841.7829,499.14783
841.97675,477.40973
842.1707,481.29977
842.3646,477.42184
842.5586,473.129
842.7526,473.0549
842.94666,480.97812
843.1408,481.71332
843.33496,467.76303
843.5292,462.268
843.72345,471.348
843.9178,476.48843
844.1121,468.74268
844.30646,473.31442
844.50085,486.97134
844.69543,477.95807
844.88983,468.40283
845.0845,464.5872
845.2791,468.39346
845.47375,473.86975
845.66846,470.14548
845.86316,469.4402
846.0579,475.6196
846.2528,475.8326
846.44763,471.66385
846.6426,452.3882
846.8376,446.9338
847.0326,456.0733
847.22766,448.76407
847.4227,468.82217
847.61786,489.11615
847.8131,523.68317
848.0083,491.54208
848.2036,447.43723
848.3989,448.62418
848.59436,441.38373
848.78973,452.706
848.98517,445.10992
849.18066,451.47324
849.3763,483.31808
849.5719,473.8622
849.76746,499.57492
849.9632,470.94055
850.1589,506.41406
850.3547,459.51837
850.5505,487.06924
850.7464,448.0504
850.94226,460.35504
851.1383,447.5609
851.3343,459.55954
851.5303,460.05807
851.7264,453.59006
851.92255,451.60104
852.1188,433.21756
852.31494,435.78275
852.5112,432.33456
852.7075,444.16876
852.90393,448.36795
853.1003,463.70856
853.29675,446.5857
853.4933,466.14783
853.6898,469.75476
853.8864,455.06302
854.0831,476.2024
854.2798,462.06003
854.47644,459.96143
854.6732,456.62332
854.8701,438.89172
855.0669,462.56143
855.26385,447.42075
855.4608,443.63318
855.65784,447.41125
855.85486,429.5009
856.05194,426.5719
856.249,426.25912
856.4463,419.24942
856.64343,431.03946
856.8407,417.4406
857.0381,413.28125
857.2355,439.2294
857.4328,446.05734
857.63025,430.22992
857.8278,435.9725
858.02527,442.16364
858.22296,439.68704
858.4206,454.25302
858.6183,451.23926
858.81604,473.72327
859.0138,451.4458
859.21155,446.49478
859.40936,451.108
859.6073,456.97812
859.8053,464.70895
860.0033,433.46432
860.20135,433.93948
860.3994,420.51358
860.59753,406.91537
860.7957,424.82968
860.99396,439.56793
861.19226,411.54327
861.3905,407.93625
861.589,399.25095
861.7873,408.16434
861.98584,399.6912
862.18427,400.6925
862.3828,420.84528
862.5814,429.19586
862.7801,428.8568
862.9788,437.66217
863.17755,419.28107
863.3763,437.17288
863.5751,418.22696
863.7739,443.3149
863.97284,458.30875
864.1719,429.0529
864.3708,444.87418
864.56995,445.26456
864.76904,469.63577
864.96814,460.79785
865.1673,464.10062
865.3666,456.6226
865.5658,459.71954
865.76514,444.0315
865.96454,448.91266
866.16394,444.36902
866.36346,436.67032
866.56287,444.99365
866.7625,442.2276
866.9621,432.19598
867.16174,413.76974
867.36145,425.5302
867.56116,419.80716
867.7609,399.5877
867.9608,388.86664
868.16064,380.85706
868.36066,380.22098
868.56055,378.55234
868.76056,349.56686
868.96063,380.8098
869.16077,391.88107
869.36096,390.9876
869.56116,411.36172
869.76135,427.57907
869.9616,416.13812
870.162,411.1808
870.3624,426.32016
870.5628,430.04987
870.7633,433.4218
870.96375,431.8032
871.16437,428.42136
871.36505,423.4105
871.5656,437.68097
871.7664,435.64102
871.9671,430.8496
872.16797,440.6861
872.3688,448.85388
872.56964,414.94315
872.7706,434.16724
872.97156,431.80295
873.17267,437.63232
873.3737,434.45694
873.5748,422.06473
873.776,417.54575
873.97723,443.12274
874.1785,451.79642
874.37976,435.57306
874.5812,421.04077
874.78253,427.12173
874.984,417.50378
875.1854,413.79736
875.387,416.74304
875.5887,409.09064
875.7902,401.54794
875.9919,406.59708
876.19366,379.73758
876.3954,375.7548
876.5973,354.5631
876.79913,376.1266
877.0011,384.94946
877.203,347.4428
877.40497,390.06378
877.60706,414.62976
877.8092,372.18427
878.01135,390.6479
878.2135,372.83286
878.4157,413.93948
878.61804,401.92383
878.82043,416.19296
879.02277,413.81384
879.2252,412.12134
879.4276,418.3049
879.6302,404.7645
879.8327,421.2491
880.03534,410.095
880.238,418.29282
880.44073,420.5094
880.64343,407.93912
880.8463,425.9878
881.04913,406.15427
881.25195,425.706
881.4549,426.42484
881.6579,414.21213
881.86096,415.25098
882.0641,430.16003
882.2672,421.33307
882.47034,428.58865
882.6735,437.33438
882.87683,432.3076
883.0801,412.88733
883.2835,413.68735
883.48694,414.9396
883.6903,434.38187
883.89386,407.27258
884.09735,424.72824
884.30096,436.95935
884.5046,420.39432
884.7083,425.2696
884.912,422.68527
885.11584,419.45767
885.31964,415.57516
885.52356,426.26346
885.7274,402.02148
885.93146,403.709
886.13544,383.1579
886.33954,397.12482
886.54364,403.295
886.74774,368.02148
886.95197,380.60837
887.15625,443.20358
887.36053,364.3484
887.5648,363.3275
887.7692,324.8204
887.97375,325.2018
888.1782,330.90045
888.3827,316.29514
888.5873,365.63336
888.792,326.83084
888.9966,378.5095
889.20135,353.1175
889.4061,384.61697
889.61096,388.5133
889.8158,380.30878
890.0207,391.75928
890.2257,404.40265
890.43066,401.9825
890.63574,407.10672
890.8408,396.807
891.046,404.16605
891.25116,395.47086
891.4564,414.90692
891.66174,385.07852
891.867,452.66937
892.07245,404.50095
892.27783,423.7979
892.4833,392.99432
892.68884,407.80356
892.8944,407.11157
893.1,402.7147
893.30566,407.98468
893.5114,393.80325
893.71716,398.22845
893.92303,403.97253
894.1288,427.5247
894.3348,403.13657
894.5407,406.55554
894.7467,398.69537
894.95276,397.7467
895.1589,406.1662
895.36505,389.49774
895.57117,395.4663
895.77747,396.33585
895.9837,406.73706
896.19006,379.82568
896.39636,410.56607
896.60284,396.26373
896.80927,370.98773
897.0158,395.74493
897.22235,397.09952
897.429,374.52826
897.6356,379.1109
897.8424,403.98355
898.04913,404.3523
898.256,379.57968
898.46277,390.99976
898.66974,404.61993
898.87665,375.29086
899.0837,350.92508
899.2907,371.73297
899.49786,360.82465
899.70496,378.2994
899.9121,379.31824
900.1193,414.06345
900.32666,345.98395
900.534,354.03284
900.7414,387.77652
900.94885,378.50143
901.15625,367.3571
901.3638,346.7545
901.5714,346.6511
901.779,341.71997
901.98663,318.3368
902.19434,346.17767
902.40216,315.07446
902.61,331.36618
902.81775,304.76672
903.0257,317.85223
903.2337,299.2657
903.4417,282.2112
903.6497,291.03525
903.8578,312.60284
904.0659,301.01328
904.2741,311.219
904.4824,331.81592
904.6906,345.20218
904.89905,384.11993
905.1074,361.35886
905.3158,368.703
905.5243,351.09555
905.7328,368.51794
905.9414,358.63824
906.15,359.64816
906.3587,368.31427
906.5674,362.5386
906.7762,374.82062
906.98505,365.24023
907.19385,360.57538
907.40283,348.0611
907.6117,355.5581
907.8208,390.33807
908.0298,364.94128
908.23895,348.49902
908.44806,335.37314
908.65735,347.89532
908.8665,350.91876
909.07587,0.0
909.28516,0.0
